vs_gk_1_T2,training
vs_gk_2_T2,training
vs_gk_3_T2,training
vs_gk_4_T2,training
vs_gk_5_T2,training
vs_gk_6_T2,training
vs_gk_7_T2,training
vs_gk_8_T2,training
vs_gk_9_T2,training
vs_gk_10_T2,training
vs_gk_11_T2,training
vs_gk_12_T2,training
vs_gk_13_T2,training
vs_gk_14_T2,training
vs_gk_15_T2,training
vs_gk_16_T2,training
vs_gk_17_T2,training
vs_gk_18_T2,training
vs_gk_19_T2,training
vs_gk_20_T2,training
vs_gk_21_T2,training
vs_gk_22_T2,training
vs_gk_23_T2,training
vs_gk_24_T2,training
vs_gk_25_T2,training
vs_gk_26_T2,training
vs_gk_27_T2,training
vs_gk_28_T2,training
vs_gk_29_T2,training
vs_gk_30_T2,training
vs_gk_31_T2,training
vs_gk_32_T2,training
vs_gk_33_T2,training
vs_gk_34_T2,training
vs_gk_35_T2,training
vs_gk_36_T2,training
vs_gk_37_T2,training
vs_gk_38_T2,training
vs_gk_40_T2,training
vs_gk_41_T2,training
vs_gk_42_T2,training
vs_gk_43_T2,training
vs_gk_44_T2,training
vs_gk_45_T2,training
vs_gk_46_T2,training
vs_gk_47_T2,training
vs_gk_48_T2,training
vs_gk_49_T2,training
vs_gk_50_T2,training
vs_gk_51_T2,training
vs_gk_52_T2,training
vs_gk_53_T2,training
vs_gk_54_T2,training
vs_gk_55_T2,training
vs_gk_56_T2,training
vs_gk_57_T2,training
vs_gk_58_T2,training
vs_gk_59_T2,training
vs_gk_60_T2,training
vs_gk_61_T2,training
vs_gk_62_T2,training
vs_gk_63_T2,training
vs_gk_64_T2,training
vs_gk_65_T2,training
vs_gk_66_T2,training
vs_gk_67_T2,training
vs_gk_68_T2,training
vs_gk_69_T2,training
vs_gk_70_T2,training
vs_gk_71_T2,training
vs_gk_72_T2,training
vs_gk_73_T2,training
vs_gk_74_T2,training
vs_gk_75_T2,training
vs_gk_76_T2,training
vs_gk_77_T2,training
vs_gk_78_T2,training
vs_gk_79_T2,training
vs_gk_80_T2,training
vs_gk_81_T2,training
vs_gk_82_T2,training
vs_gk_83_T2,training
vs_gk_84_T2,training
vs_gk_85_T2,training
vs_gk_86_T2,training
vs_gk_87_T2,training
vs_gk_88_T2,training
vs_gk_89_T2,training
vs_gk_90_T2,training
vs_gk_91_T2,training
vs_gk_92_T2,training
vs_gk_93_T2,training
vs_gk_94_T2,training
vs_gk_95_T2,training
vs_gk_96_T2,training
vs_gk_98_T2,training
vs_gk_99_T2,training
vs_gk_100_T2,training
vs_gk_101_T2,training
vs_gk_102_T2,training
vs_gk_103_T2,training
vs_gk_104_T2,training
vs_gk_105_T2,training
vs_gk_106_T2,training
vs_gk_107_T2,training
vs_gk_108_T2,training
vs_gk_109_T2,training
vs_gk_110_T2,training
vs_gk_111_T2,training
vs_gk_112_T2,training
vs_gk_113_T2,training
vs_gk_114_T2,training
vs_gk_115_T2,training
vs_gk_116_T2,training
vs_gk_117_T2,training
vs_gk_118_T2,training
vs_gk_119_T2,training
vs_gk_120_T2,training
vs_gk_121_T2,training
vs_gk_122_T2,training
vs_gk_123_T2,training
vs_gk_124_T2,training
vs_gk_125_T2,training
vs_gk_126_T2,training
vs_gk_127_T2,training
vs_gk_128_T2,training
vs_gk_129_T2,training
vs_gk_131_T2,training
vs_gk_132_T2,training
vs_gk_133_T2,training
vs_gk_134_T2,training
vs_gk_135_T2,training
vs_gk_136_T2,training
vs_gk_137_T2,training
vs_gk_138_T2,training
vs_gk_139_T2,training
vs_gk_140_T2,training
vs_gk_141_T2,training
vs_gk_142_T2,training
vs_gk_143_T2,training
vs_gk_144_T2,training
vs_gk_145_T2,training
vs_gk_146_T2,training
vs_gk_147_T2,training
vs_gk_148_T2,training
vs_gk_149_T2,training
vs_gk_150_T2,training
vs_gk_151_T2,training
vs_gk_152_T2,training
vs_gk_153_T2,training
vs_gk_154_T2,training
vs_gk_155_T2,training
vs_gk_156_T2,training
vs_gk_157_T2,training
vs_gk_158_T2,training
vs_gk_159_T2,training
vs_gk_161_T2,training
vs_gk_162_T2,training
vs_gk_163_T2,training
vs_gk_164_T2,training
vs_gk_165_T2,training
vs_gk_166_T2,training
vs_gk_167_T2,training
vs_gk_169_T2,training
vs_gk_170_T2,training
vs_gk_171_T2,training
vs_gk_172_T2,training
vs_gk_173_T2,training
vs_gk_174_T2,training
vs_gk_175_T2,training
vs_gk_176_T2,training
vs_gk_177_T2,training
vs_gk_178_T2,training
vs_gk_179_T2,training
vs_gk_180_T2,training
vs_gk_181_T2,training
vs_gk_182_T2,validation
vs_gk_183_T2,validation
vs_gk_184_T2,validation
vs_gk_185_T2,validation
vs_gk_186_T2,validation
vs_gk_187_T2,validation
vs_gk_188_T2,validation
vs_gk_189_T2,validation
vs_gk_190_T2,validation
vs_gk_191_T2,validation
vs_gk_192_T2,validation
vs_gk_193_T2,validation
vs_gk_194_T2,validation
vs_gk_195_T2,validation
vs_gk_196_T2,validation
vs_gk_197_T2,validation
vs_gk_198_T2,validation
vs_gk_199_T2,validation
vs_gk_200_T2,validation
vs_gk_201_T2,validation
vs_gk_202_T2,inference
vs_gk_203_T2,inference
vs_gk_204_T2,inference
vs_gk_205_T2,inference
vs_gk_206_T2,inference
vs_gk_207_T2,inference
vs_gk_209_T2,inference
vs_gk_210_T2,inference
vs_gk_211_T2,inference
vs_gk_212_T2,inference
vs_gk_213_T2,inference
vs_gk_214_T2,inference
vs_gk_215_T2,inference
vs_gk_216_T2,inference
vs_gk_217_T2,inference
vs_gk_218_T2,inference
vs_gk_220_T2,inference
vs_gk_221_T2,inference
vs_gk_222_T2,inference
vs_gk_223_T2,inference
vs_gk_224_T2,inference
vs_gk_225_T2,inference
vs_gk_226_T2,inference
vs_gk_228_T2,inference
vs_gk_229_T2,inference
vs_gk_230_T2,inference
vs_gk_231_T2,inference
vs_gk_232_T2,inference
vs_gk_233_T2,inference
vs_gk_234_T2,inference
vs_gk_235_T2,inference
vs_gk_236_T2,inference
vs_gk_237_T2,inference
vs_gk_238_T2,inference
vs_gk_239_T2,inference
vs_gk_240_T2,inference
vs_gk_241_T2,inference
vs_gk_242_T2,inference
vs_gk_243_T2,inference
vs_gk_244_T2,inference
vs_gk_245_T2,inference
vs_gk_246_T2,inference
vs_gk_247_T2,inference
vs_gk_248_T2,inference
vs_gk_249_T2,inference
vs_gk_250_T2,inference
